group1,group2,meandiff,p-adj,lower,upper,reject,parameter,significant
358r_HYB007,358r_RP043,-323.8429,0.9859,-1824.9263,1177.2404,FALSE,mean_fluorescence_main_root,FALSE
358r_HYB007,417r_HYB007,3143.2323,0,1642.1489,4644.3156,TRUE,mean_fluorescence_main_root,TRUE
358r_HYB007,417r_RP043,4605.7237,0,3209.3251,6002.1222,TRUE,mean_fluorescence_main_root,TRUE
358r_HYB007,mock_HYB007,-1210.6883,0.1726,-2711.7717,290.395,FALSE,mean_fluorescence_main_root,FALSE
358r_HYB007,mock_RP043,-1214.4482,0.1701,-2715.5316,286.6351,FALSE,mean_fluorescence_main_root,FALSE
358r_RP043,417r_HYB007,3467.0752,0,1909.3274,5024.823,TRUE,mean_fluorescence_main_root,TRUE
358r_RP043,417r_RP043,4929.5666,0,3472.4269,6386.7062,TRUE,mean_fluorescence_main_root,TRUE
358r_RP043,mock_HYB007,-886.8454,0.5281,-2444.5932,670.9024,FALSE,mean_fluorescence_main_root,FALSE
358r_RP043,mock_RP043,-890.6053,0.5235,-2448.3531,667.1425,FALSE,mean_fluorescence_main_root,FALSE
417r_HYB007,417r_RP043,1462.4914,0.0487,5.3518,2919.631,TRUE,mean_fluorescence_main_root,TRUE
417r_HYB007,mock_HYB007,-4353.9206,0,-5911.6684,-2796.1728,TRUE,mean_fluorescence_main_root,TRUE
417r_HYB007,mock_RP043,-4357.6805,0,-5915.4283,-2799.9327,TRUE,mean_fluorescence_main_root,TRUE
417r_RP043,mock_HYB007,-5816.412,0,-7273.5516,-4359.2723,TRUE,mean_fluorescence_main_root,TRUE
417r_RP043,mock_RP043,-5820.1719,0,-7277.3115,-4363.0323,TRUE,mean_fluorescence_main_root,TRUE
mock_HYB007,mock_RP043,-3.7599,1,-1561.5077,1553.9879,FALSE,mean_fluorescence_main_root,FALSE
358r_HYB007,358r_RP043,237.1722,0.9605,-766.8048,1241.1491,FALSE,mean_fluorescence_lateral_root,FALSE
358r_HYB007,417r_HYB007,1046.1672,0.0724,-76.3131,2168.6476,FALSE,mean_fluorescence_lateral_root,FALSE
358r_HYB007,417r_RP043,1376.2285,0.0041,437.0941,2315.3629,TRUE,mean_fluorescence_lateral_root,TRUE
358r_HYB007,mock_HYB007,-375.9067,0.7912,-1379.8836,628.0702,FALSE,mean_fluorescence_lateral_root,FALSE
358r_HYB007,mock_RP043,-370.055,0.8616,-1492.5353,752.4254,FALSE,mean_fluorescence_lateral_root,FALSE
358r_RP043,417r_HYB007,808.9951,0.2171,-313.4853,1931.4754,FALSE,mean_fluorescence_lateral_root,FALSE
358r_RP043,417r_RP043,1139.0563,0.0156,199.9219,2078.1907,TRUE,mean_fluorescence_lateral_root,TRUE
358r_RP043,mock_HYB007,-613.0789,0.3607,-1617.0558,390.8981,FALSE,mean_fluorescence_lateral_root,FALSE
358r_RP043,mock_RP043,-607.2271,0.4786,-1729.7075,515.2532,FALSE,mean_fluorescence_lateral_root,FALSE
417r_HYB007,417r_RP043,330.0613,0.8883,-734.8171,1394.9396,FALSE,mean_fluorescence_lateral_root,FALSE
417r_HYB007,mock_HYB007,-1422.0739,0.0116,-2544.5543,-299.5936,TRUE,mean_fluorescence_lateral_root,TRUE
417r_HYB007,mock_RP043,-1416.2222,0.0218,-2645.8378,-186.6066,TRUE,mean_fluorescence_lateral_root,TRUE
417r_RP043,mock_HYB007,-1752.1352,0.0006,-2691.2696,-813.0008,TRUE,mean_fluorescence_lateral_root,TRUE
417r_RP043,mock_RP043,-1746.2834,0.0017,-2811.1618,-681.4051,TRUE,mean_fluorescence_lateral_root,TRUE
mock_HYB007,mock_RP043,5.8517,1,-1116.6286,1128.3321,FALSE,mean_fluorescence_lateral_root,FALSE
358r_HYB007,358r_RP043,-3.2871,1,-489.372,482.7978,FALSE,mean_fluorescence_main_root_tip,FALSE
358r_HYB007,417r_HYB007,404.7574,0.1126,-57.0943,866.6091,FALSE,mean_fluorescence_main_root_tip,FALSE
358r_HYB007,417r_RP043,457.6686,0.0402,13.9358,901.4014,TRUE,mean_fluorescence_main_root_tip,TRUE
358r_HYB007,mock_HYB007,-58.8505,0.9987,-520.7022,403.0012,FALSE,mean_fluorescence_main_root_tip,FALSE
358r_HYB007,mock_RP043,-75.0838,0.9969,-561.1687,411.0011,FALSE,mean_fluorescence_main_root_tip,FALSE
358r_RP043,417r_HYB007,408.0445,0.1657,-94.635,910.7241,FALSE,mean_fluorescence_main_root_tip,FALSE
358r_RP043,417r_RP043,460.9557,0.0709,-25.1292,947.0406,FALSE,mean_fluorescence_main_root_tip,FALSE
358r_RP043,mock_HYB007,-55.5634,0.9994,-558.243,447.1162,FALSE,mean_fluorescence_main_root_tip,FALSE
358r_RP043,mock_RP043,-71.7967,0.9982,-596.8284,453.235,FALSE,mean_fluorescence_main_root_tip,FALSE
417r_HYB007,417r_RP043,52.9112,0.9993,-408.9405,514.7629,FALSE,mean_fluorescence_main_root_tip,FALSE
417r_HYB007,mock_HYB007,-463.6079,0.0625,-942.8941,15.6782,FALSE,mean_fluorescence_main_root_tip,FALSE
417r_HYB007,mock_RP043,-479.8413,0.068,-982.5208,22.8383,FALSE,mean_fluorescence_main_root_tip,FALSE
417r_RP043,mock_HYB007,-516.5191,0.0214,-978.3708,-54.6674,TRUE,mean_fluorescence_main_root_tip,TRUE
417r_RP043,mock_RP043,-532.7525,0.0252,-1018.8374,-46.6676,TRUE,mean_fluorescence_main_root_tip,TRUE
mock_HYB007,mock_RP043,-16.2333,1,-518.9129,486.4462,FALSE,mean_fluorescence_main_root_tip,FALSE
358r_HYB007,358r_RP043,281.7016,0.9814,-948.9594,1512.3626,FALSE,mean_fluorescence_other_tip,FALSE
358r_HYB007,417r_HYB007,1327.1529,0.0187,157.8451,2496.4608,TRUE,mean_fluorescence_other_tip,TRUE
358r_HYB007,417r_RP043,1754.4715,0.0006,631.0369,2877.9062,TRUE,mean_fluorescence_other_tip,TRUE
358r_HYB007,mock_HYB007,-428.7273,0.8539,-1552.1619,694.7073,FALSE,mean_fluorescence_other_tip,FALSE
358r_HYB007,mock_RP043,-430.3457,0.8716,-1599.6535,738.9621,FALSE,mean_fluorescence_other_tip,FALSE
358r_RP043,417r_HYB007,1045.4513,0.1578,-227.2238,2318.1264,FALSE,mean_fluorescence_other_tip,FALSE
358r_RP043,417r_RP043,1472.7699,0.0116,242.1089,2703.4309,TRUE,mean_fluorescence_other_tip,TRUE
358r_RP043,mock_HYB007,-710.4289,0.5115,-1941.0899,520.2321,FALSE,mean_fluorescence_other_tip,FALSE
358r_RP043,mock_RP043,-712.0473,0.545,-1984.7224,560.6278,FALSE,mean_fluorescence_other_tip,FALSE
417r_HYB007,417r_RP043,427.3186,0.8749,-741.9892,1596.6264,FALSE,mean_fluorescence_other_tip,FALSE
417r_HYB007,mock_HYB007,-1755.8802,0.001,-2925.1881,-586.5724,TRUE,mean_fluorescence_other_tip,TRUE
417r_HYB007,mock_RP043,-1757.4987,0.0015,-2970.9467,-544.0506,TRUE,mean_fluorescence_other_tip,TRUE
417r_RP043,mock_HYB007,-2183.1988,0,-3306.6334,-1059.7642,TRUE,mean_fluorescence_other_tip,TRUE
417r_RP043,mock_RP043,-2184.8172,0,-3354.1251,-1015.5094,TRUE,mean_fluorescence_other_tip,TRUE
mock_HYB007,mock_RP043,-1.6184,1,-1170.9263,1167.6894,FALSE,mean_fluorescence_other_tip,FALSE
358r_HYB007,358r_RP043,-100.286,1,-2921.9499,2721.3778,FALSE,mean_fluorescence_node,FALSE
358r_HYB007,417r_HYB007,1883.9486,0.1099,-346.7725,4114.6698,FALSE,mean_fluorescence_node,FALSE
358r_HYB007,417r_RP043,2835.7171,0.0041,969.3619,4702.0723,TRUE,mean_fluorescence_node,TRUE
358r_HYB007,mock_HYB007,-928.8172,0.5883,-2924.0348,1066.4004,FALSE,mean_fluorescence_node,FALSE
358r_HYB007,mock_RP043,-921.4077,0.6908,-3152.1289,1309.3134,FALSE,mean_fluorescence_node,FALSE
358r_RP043,417r_HYB007,1984.2346,0.2652,-1008.5918,4977.0611,FALSE,mean_fluorescence_node,FALSE
358r_RP043,417r_RP043,2936.0031,0.0343,203.9388,5668.0674,TRUE,mean_fluorescence_node,TRUE
358r_RP043,mock_HYB007,-828.5312,0.8917,-3650.195,1993.1327,FALSE,mean_fluorescence_node,FALSE
358r_RP043,mock_RP043,-821.1217,0.9151,-3813.9482,2171.7048,FALSE,mean_fluorescence_node,FALSE
417r_HYB007,417r_RP043,951.7685,0.6192,-1164.4794,3068.0164,FALSE,mean_fluorescence_node,FALSE
417r_HYB007,mock_HYB007,-2812.7658,0.0136,-5043.487,-582.0447,TRUE,mean_fluorescence_node,TRUE
417r_HYB007,mock_RP043,-2805.3563,0.0237,-5248.9889,-361.7238,TRUE,mean_fluorescence_node,TRUE
417r_RP043,mock_HYB007,-3764.5343,0.0005,-5630.8895,-1898.1791,TRUE,mean_fluorescence_node,TRUE
417r_RP043,mock_RP043,-3757.1248,0.0014,-5873.3727,-1640.8769,TRUE,mean_fluorescence_node,TRUE
mock_HYB007,mock_RP043,7.4095,1,-2223.3117,2238.1306,FALSE,mean_fluorescence_node,FALSE
358r_HYB007,358r_RP043,-0.0615,1,-249.1933,249.0704,FALSE,mean_fluorescence_dilated_root_exclusive,FALSE
358r_HYB007,417r_HYB007,573.3919,0,314.0872,832.6966,TRUE,mean_fluorescence_dilated_root_exclusive,TRUE
358r_HYB007,417r_RP043,897.9652,0,656.7443,1139.1861,TRUE,mean_fluorescence_dilated_root_exclusive,TRUE
358r_HYB007,mock_HYB007,-206.6214,0.152,-455.7532,42.5105,FALSE,mean_fluorescence_dilated_root_exclusive,FALSE
358r_HYB007,mock_RP043,-210.1293,0.17,-469.4339,49.1754,FALSE,mean_fluorescence_dilated_root_exclusive,FALSE
358r_RP043,417r_HYB007,573.4534,0,314.1487,832.758,TRUE,mean_fluorescence_dilated_root_exclusive,TRUE
358r_RP043,417r_RP043,898.0267,0,656.8058,1139.2476,TRUE,mean_fluorescence_dilated_root_exclusive,TRUE
358r_RP043,mock_HYB007,-206.5599,0.1523,-455.6918,42.572,FALSE,mean_fluorescence_dilated_root_exclusive,FALSE
358r_RP043,mock_RP043,-210.0678,0.1702,-469.3725,49.2369,FALSE,mean_fluorescence_dilated_root_exclusive,FALSE
417r_HYB007,417r_RP043,324.5733,0.0054,72.8597,576.2869,TRUE,mean_fluorescence_dilated_root_exclusive,TRUE
417r_HYB007,mock_HYB007,-780.0133,0,-1039.3179,-520.7086,TRUE,mean_fluorescence_dilated_root_exclusive,TRUE
417r_HYB007,mock_RP043,-783.5211,0,-1052.6143,-514.428,TRUE,mean_fluorescence_dilated_root_exclusive,TRUE
417r_RP043,mock_HYB007,-1104.5866,0,-1345.8075,-863.3657,TRUE,mean_fluorescence_dilated_root_exclusive,TRUE
417r_RP043,mock_RP043,-1108.0945,0,-1359.8081,-856.3809,TRUE,mean_fluorescence_dilated_root_exclusive,TRUE
mock_HYB007,mock_RP043,-3.5079,1,-262.8125,255.7968,FALSE,mean_fluorescence_dilated_root_exclusive,FALSE
358r_HYB007,358r_RP043,-3.5308,1,-273.4507,266.389,FALSE,mean_fluorescence_dilated_root,FALSE
358r_HYB007,417r_HYB007,645.973,0,365.0314,926.9145,TRUE,mean_fluorescence_dilated_root,TRUE
358r_HYB007,417r_RP043,1003.1047,0,741.7559,1264.4535,TRUE,mean_fluorescence_dilated_root,TRUE
358r_HYB007,mock_HYB007,-231.1973,0.129,-501.1172,38.7226,FALSE,mean_fluorescence_dilated_root,FALSE
358r_HYB007,mock_RP043,-234.7135,0.1466,-515.655,46.228,FALSE,mean_fluorescence_dilated_root,FALSE
358r_RP043,417r_HYB007,649.5038,0,368.5623,930.4453,TRUE,mean_fluorescence_dilated_root,TRUE
358r_RP043,417r_RP043,1006.6355,0,745.2867,1267.9843,TRUE,mean_fluorescence_dilated_root,TRUE
358r_RP043,mock_HYB007,-227.6664,0.1397,-497.5863,42.2534,FALSE,mean_fluorescence_dilated_root,FALSE
358r_RP043,mock_RP043,-231.1826,0.158,-512.1242,49.7589,FALSE,mean_fluorescence_dilated_root,FALSE
417r_HYB007,417r_RP043,357.1317,0.0045,84.4147,629.8488,TRUE,mean_fluorescence_dilated_root,TRUE
417r_HYB007,mock_HYB007,-877.1702,0,-1158.1118,-596.2287,TRUE,mean_fluorescence_dilated_root,TRUE
417r_HYB007,mock_RP043,-880.6864,0,-1172.2332,-589.1397,TRUE,mean_fluorescence_dilated_root,TRUE
417r_RP043,mock_HYB007,-1234.3019,0,-1495.6507,-972.9531,TRUE,mean_fluorescence_dilated_root,TRUE
417r_RP043,mock_RP043,-1237.8181,0,-1510.5352,-965.1011,TRUE,mean_fluorescence_dilated_root,TRUE
mock_HYB007,mock_RP043,-3.5162,1,-284.4577,277.4253,FALSE,mean_fluorescence_dilated_root,FALSE
358r_HYB007,358r_RP043,106.5713,0.9863,-390.5749,603.7175,FALSE,mean_fluorescence_shoot,FALSE
358r_HYB007,417r_HYB007,130.0956,0.9671,-367.0506,627.2418,FALSE,mean_fluorescence_shoot,FALSE
358r_HYB007,417r_RP043,814.4337,0.0002,335.3716,1293.4957,TRUE,mean_fluorescence_shoot,TRUE
358r_HYB007,mock_HYB007,-198.9184,0.8063,-677.9805,280.1436,FALSE,mean_fluorescence_shoot,FALSE
358r_HYB007,mock_RP043,-179.3906,0.8644,-658.4526,299.6715,FALSE,mean_fluorescence_shoot,FALSE
358r_RP043,417r_HYB007,23.5243,1,-473.6219,520.6704,FALSE,mean_fluorescence_shoot,FALSE
358r_RP043,417r_RP043,707.8623,0.0011,228.8003,1186.9244,TRUE,mean_fluorescence_shoot,TRUE
358r_RP043,mock_HYB007,-305.4898,0.4039,-784.5518,173.5723,FALSE,mean_fluorescence_shoot,FALSE
358r_RP043,mock_RP043,-285.9619,0.4766,-765.024,193.1002,FALSE,mean_fluorescence_shoot,FALSE
417r_HYB007,417r_RP043,684.3381,0.0017,205.276,1163.4002,TRUE,mean_fluorescence_shoot,TRUE
417r_HYB007,mock_HYB007,-329.014,0.3238,-808.0761,150.0481,FALSE,mean_fluorescence_shoot,FALSE
417r_HYB007,mock_RP043,-309.4862,0.3896,-788.5482,169.5759,FALSE,mean_fluorescence_shoot,FALSE
417r_RP043,mock_HYB007,-1013.3521,0,-1473.62,-553.0842,TRUE,mean_fluorescence_shoot,TRUE
417r_RP043,mock_RP043,-993.8242,0,-1454.0922,-533.5563,TRUE,mean_fluorescence_shoot,TRUE
mock_HYB007,mock_RP043,19.5279,1,-440.7401,479.7958,FALSE,mean_fluorescence_shoot,FALSE
358r_HYB007,358r_RP043,-15482.4167,0.0013,-26053.6442,-4911.1891,TRUE,n_pixels_main_root,TRUE
358r_HYB007,417r_HYB007,-5778.0833,0.5712,-16349.3109,4793.1442,FALSE,n_pixels_main_root,FALSE
358r_HYB007,417r_RP043,-11748.625,0.0117,-21582.6205,-1914.6295,TRUE,n_pixels_main_root,TRUE
358r_HYB007,mock_HYB007,-908.5833,0.9998,-11479.8109,9662.6442,FALSE,n_pixels_main_root,FALSE
358r_HYB007,mock_RP043,-13066.5,0.0085,-23637.7276,-2495.2724,TRUE,n_pixels_main_root,TRUE
358r_RP043,417r_HYB007,9704.3333,0.1078,-1265.948,20674.6146,FALSE,n_pixels_main_root,FALSE
358r_RP043,417r_RP043,3733.7917,0.8778,-6527.9668,13995.5502,FALSE,n_pixels_main_root,FALSE
358r_RP043,mock_HYB007,14573.8333,0.004,3603.552,25544.1146,TRUE,n_pixels_main_root,TRUE
358r_RP043,mock_RP043,2415.9167,0.9845,-8554.3646,13386.198,FALSE,n_pixels_main_root,FALSE
417r_HYB007,417r_RP043,-5970.5417,0.5046,-16232.3002,4291.2168,FALSE,n_pixels_main_root,FALSE
417r_HYB007,mock_HYB007,4869.5,0.7598,-6100.7813,15839.7813,FALSE,n_pixels_main_root,FALSE
417r_HYB007,mock_RP043,-7288.4167,0.3592,-18258.698,3681.8646,FALSE,n_pixels_main_root,FALSE
417r_RP043,mock_HYB007,10840.0417,0.0334,578.2832,21101.8002,TRUE,n_pixels_main_root,TRUE
417r_RP043,mock_RP043,-1317.875,0.9987,-11579.6335,8943.8835,FALSE,n_pixels_main_root,FALSE
mock_HYB007,mock_RP043,-12157.9167,0.0228,-23128.198,-1187.6354,TRUE,n_pixels_main_root,TRUE
358r_HYB007,358r_RP043,-16295.5,0.122,-35829.436,3238.436,FALSE,n_pixels_lateral_root,FALSE
358r_HYB007,417r_HYB007,2885.5,0.997,-18954.1044,24725.1044,FALSE,n_pixels_lateral_root,FALSE
358r_HYB007,417r_RP043,-17450.75,0.0639,-35723.074,821.574,FALSE,n_pixels_lateral_root,FALSE
358r_HYB007,mock_HYB007,-7879.1667,0.74,-27413.1027,11654.7694,FALSE,n_pixels_lateral_root,FALSE
358r_HYB007,mock_RP043,-19506.25,0.0892,-41345.8544,2333.3544,FALSE,n_pixels_lateral_root,FALSE
358r_RP043,417r_HYB007,19181,0.0966,-2658.6044,41020.6044,FALSE,n_pixels_lateral_root,FALSE
358r_RP043,417r_RP043,-1155.25,0.9999,-19427.574,17117.074,FALSE,n_pixels_lateral_root,FALSE
358r_RP043,mock_HYB007,8416.3333,0.6885,-11117.6027,27950.2694,FALSE,n_pixels_lateral_root,FALSE
358r_RP043,mock_RP043,-3210.75,0.9951,-25050.3544,18628.8544,FALSE,n_pixels_lateral_root,FALSE
417r_HYB007,417r_RP043,-20336.25,0.0553,-41055.118,382.618,FALSE,n_pixels_lateral_root,FALSE
417r_HYB007,mock_HYB007,-10764.6667,0.5688,-32604.2711,11074.9378,FALSE,n_pixels_lateral_root,FALSE
417r_HYB007,mock_RP043,-22391.75,0.0709,-46315.838,1532.338,FALSE,n_pixels_lateral_root,FALSE
417r_RP043,mock_HYB007,9571.5833,0.5101,-8700.7407,27843.9074,FALSE,n_pixels_lateral_root,FALSE
417r_RP043,mock_RP043,-2055.5,0.9992,-22774.368,18663.368,FALSE,n_pixels_lateral_root,FALSE
mock_HYB007,mock_RP043,-11627.0833,0.4943,-33466.6878,10212.5211,FALSE,n_pixels_lateral_root,FALSE
358r_HYB007,358r_RP043,0,,0,0,FALSE,n_pixels_main_root_tip,FALSE
358r_HYB007,417r_HYB007,0,,0,0,FALSE,n_pixels_main_root_tip,FALSE
358r_HYB007,417r_RP043,0,,0,0,FALSE,n_pixels_main_root_tip,FALSE
358r_HYB007,mock_HYB007,0,,0,0,FALSE,n_pixels_main_root_tip,FALSE
358r_HYB007,mock_RP043,0,,0,0,FALSE,n_pixels_main_root_tip,FALSE
358r_RP043,417r_HYB007,0,,0,0,FALSE,n_pixels_main_root_tip,FALSE
358r_RP043,417r_RP043,0,,0,0,FALSE,n_pixels_main_root_tip,FALSE
358r_RP043,mock_HYB007,0,,0,0,FALSE,n_pixels_main_root_tip,FALSE
358r_RP043,mock_RP043,0,,0,0,FALSE,n_pixels_main_root_tip,FALSE
417r_HYB007,417r_RP043,0,,0,0,FALSE,n_pixels_main_root_tip,FALSE
417r_HYB007,mock_HYB007,0,,0,0,FALSE,n_pixels_main_root_tip,FALSE
417r_HYB007,mock_RP043,0,,0,0,FALSE,n_pixels_main_root_tip,FALSE
417r_RP043,mock_HYB007,0,,0,0,FALSE,n_pixels_main_root_tip,FALSE
417r_RP043,mock_RP043,0,,0,0,FALSE,n_pixels_main_root_tip,FALSE
mock_HYB007,mock_RP043,0,,0,0,FALSE,n_pixels_main_root_tip,FALSE
358r_HYB007,358r_RP043,-2794.0857,0.0565,-5638.7385,50.567,FALSE,n_pixels_other_tip,FALSE
358r_HYB007,417r_HYB007,392.381,0.9977,-2310.455,3095.2169,FALSE,n_pixels_other_tip,FALSE
358r_HYB007,417r_RP043,-1911,0.2529,-4507.8008,685.8008,FALSE,n_pixels_other_tip,FALSE
358r_HYB007,mock_HYB007,-289.2857,0.9994,-2886.0865,2307.5151,FALSE,n_pixels_other_tip,FALSE
358r_HYB007,mock_RP043,-3168.619,0.0141,-5871.455,-465.7831,TRUE,n_pixels_other_tip,TRUE
358r_RP043,417r_HYB007,3186.4667,0.0275,244.699,6128.2344,TRUE,n_pixels_other_tip,TRUE
358r_RP043,417r_RP043,883.0857,0.9328,-1961.567,3727.7385,FALSE,n_pixels_other_tip,FALSE
358r_RP043,mock_HYB007,2504.8,0.1103,-339.8528,5349.4528,FALSE,n_pixels_other_tip,FALSE
358r_RP043,mock_RP043,-374.5333,0.9988,-3316.301,2567.2344,FALSE,n_pixels_other_tip,FALSE
417r_HYB007,417r_RP043,-2303.381,0.1314,-5006.2169,399.455,FALSE,n_pixels_other_tip,FALSE
417r_HYB007,mock_HYB007,-681.6667,0.9716,-3384.5026,2021.1693,FALSE,n_pixels_other_tip,FALSE
417r_HYB007,mock_RP043,-3561,0.0065,-6365.8654,-756.1346,TRUE,n_pixels_other_tip,TRUE
417r_RP043,mock_HYB007,1621.7143,0.4253,-975.0865,4218.5151,FALSE,n_pixels_other_tip,FALSE
417r_RP043,mock_RP043,-1257.619,0.7212,-3960.455,1445.2169,FALSE,n_pixels_other_tip,FALSE
mock_HYB007,mock_RP043,-2879.3333,0.0314,-5582.1693,-176.4974,TRUE,n_pixels_other_tip,TRUE
358r_HYB007,358r_RP043,-1260.6667,0.2317,-3082.3068,560.9735,FALSE,n_pixels_node,FALSE
358r_HYB007,417r_HYB007,-303.9167,0.9697,-1744.0496,1136.2163,FALSE,n_pixels_node,FALSE
358r_HYB007,417r_RP043,-838.0417,0.228,-2042.9433,366.86,FALSE,n_pixels_node,FALSE
358r_HYB007,mock_HYB007,-572,0.6303,-1860.0941,716.0941,FALSE,n_pixels_node,FALSE
358r_HYB007,mock_RP043,-1321.6667,0.0759,-2761.7996,118.4663,FALSE,n_pixels_node,FALSE
358r_RP043,417r_HYB007,956.75,0.5312,-975.3911,2888.8911,FALSE,n_pixels_node,FALSE
358r_RP043,417r_RP043,422.625,0.9493,-1341.1705,2186.4205,FALSE,n_pixels_node,FALSE
358r_RP043,mock_HYB007,688.6667,0.757,-1132.9735,2510.3068,FALSE,n_pixels_node,FALSE
358r_RP043,mock_RP043,-61,1,-1993.1411,1871.1411,FALSE,n_pixels_node,FALSE
417r_HYB007,417r_RP043,-534.125,0.733,-1900.3551,832.1051,FALSE,n_pixels_node,FALSE
417r_HYB007,mock_HYB007,-268.0833,0.9822,-1708.2163,1172.0496,FALSE,n_pixels_node,FALSE
417r_HYB007,mock_RP043,-1017.75,0.2877,-2595.3366,559.8366,FALSE,n_pixels_node,FALSE
417r_RP043,mock_HYB007,266.0417,0.9635,-938.86,1470.9433,FALSE,n_pixels_node,FALSE
417r_RP043,mock_RP043,-483.625,0.7998,-1849.8551,882.6051,FALSE,n_pixels_node,FALSE
mock_HYB007,mock_RP043,-749.6667,0.484,-2189.7996,690.4663,FALSE,n_pixels_node,FALSE
358r_HYB007,358r_RP043,-752077.1429,0.0053,-1335090.045,-169064.2405,TRUE,n_pixels_dilated_root_exclusive,TRUE
358r_HYB007,417r_HYB007,-18453.7262,1,-625272.7942,588365.3419,FALSE,n_pixels_dilated_root_exclusive,FALSE
358r_HYB007,417r_RP043,-686756.5179,0.0097,-1251256.333,-122256.7025,TRUE,n_pixels_dilated_root_exclusive,TRUE
358r_HYB007,mock_HYB007,-133491.0714,0.9819,-716503.9738,449521.8309,FALSE,n_pixels_dilated_root_exclusive,FALSE
358r_HYB007,mock_RP043,-830794.3095,0.0028,-1437613.378,-223975.2415,TRUE,n_pixels_dilated_root_exclusive,TRUE
358r_RP043,417r_HYB007,733623.4167,0.0103,126804.3486,1340442.485,TRUE,n_pixels_dilated_root_exclusive,TRUE
358r_RP043,417r_RP043,65320.625,0.9993,-499179.1904,629820.4404,FALSE,n_pixels_dilated_root_exclusive,FALSE
358r_RP043,mock_HYB007,618586.0714,0.0322,35573.1691,1201598.974,TRUE,n_pixels_dilated_root_exclusive,TRUE
358r_RP043,mock_RP043,-78717.1667,0.9987,-685536.2347,528101.9014,FALSE,n_pixels_dilated_root_exclusive,FALSE
417r_HYB007,417r_RP043,-668302.7917,0.0185,-1257357.44,-79248.1435,TRUE,n_pixels_dilated_root_exclusive,TRUE
417r_HYB007,mock_HYB007,-115037.3452,0.9923,-721856.4133,491781.7228,FALSE,n_pixels_dilated_root_exclusive,FALSE
417r_HYB007,mock_RP043,-812340.5833,0.0053,-1442066.491,-182614.676,TRUE,n_pixels_dilated_root_exclusive,TRUE
417r_RP043,mock_HYB007,553265.4464,0.0575,-11234.3689,1117765.262,FALSE,n_pixels_dilated_root_exclusive,FALSE
417r_RP043,mock_RP043,-144037.7917,0.9759,-733092.4399,445016.8565,FALSE,n_pixels_dilated_root_exclusive,FALSE
mock_HYB007,mock_RP043,-697303.2381,0.0165,-1304122.306,-90484.17,TRUE,n_pixels_dilated_root_exclusive,TRUE
358r_HYB007,358r_RP043,-783733.5,0.0051,-1389195.972,-178271.0277,TRUE,n_pixels_dilated_root,TRUE
358r_HYB007,417r_HYB007,-19316.4881,1,-649501.8094,610868.8332,FALSE,n_pixels_dilated_root,FALSE
358r_HYB007,417r_RP043,-716269.8839,0.0093,-1302506.402,-130033.3659,TRUE,n_pixels_dilated_root,TRUE
358r_HYB007,mock_HYB007,-140940.1429,0.9805,-746402.6152,464522.3294,FALSE,n_pixels_dilated_root,FALSE
358r_HYB007,mock_RP043,-865898.9048,0.0026,-1496084.226,-235713.5835,TRUE,n_pixels_dilated_root,TRUE
358r_RP043,417r_HYB007,764417.0119,0.01,134231.6906,1394602.333,TRUE,n_pixels_dilated_root,TRUE
358r_RP043,417r_RP043,67463.6161,0.9993,-518772.9019,653700.1341,FALSE,n_pixels_dilated_root,FALSE
358r_RP043,mock_HYB007,642793.3571,0.0321,37330.8848,1248255.829,TRUE,n_pixels_dilated_root,TRUE
358r_RP043,mock_RP043,-82165.4048,0.9987,-712350.726,548019.9165,FALSE,n_pixels_dilated_root,FALSE
417r_HYB007,417r_RP043,-696953.3958,0.0178,-1308690.258,-85216.5334,TRUE,n_pixels_dilated_root,TRUE
417r_HYB007,mock_HYB007,-121623.6548,0.9916,-751808.976,508561.6665,FALSE,n_pixels_dilated_root,FALSE
417r_HYB007,mock_RP043,-846582.4167,0.0051,-1500556.631,-192608.2024,TRUE,n_pixels_dilated_root,TRUE
417r_RP043,mock_HYB007,575329.7411,0.0569,-10906.7769,1161566.259,FALSE,n_pixels_dilated_root,FALSE
417r_RP043,mock_RP043,-149629.0208,0.9758,-761365.8832,462107.8416,FALSE,n_pixels_dilated_root,FALSE
mock_HYB007,mock_RP043,-724958.7619,0.0164,-1355144.083,-94773.4406,TRUE,n_pixels_dilated_root,TRUE
358r_HYB007,358r_RP043,-48899.5833,0.6994,-151136.6288,53337.4621,FALSE,n_pixels_shoot,FALSE
358r_HYB007,417r_HYB007,71151.5833,0.3099,-31085.4621,173388.6288,FALSE,n_pixels_shoot,FALSE
358r_HYB007,417r_RP043,-49053.9405,0.6633,-147572.0226,49464.1416,FALSE,n_pixels_shoot,FALSE
358r_HYB007,mock_HYB007,22154.7738,0.983,-76363.3083,120672.8559,FALSE,n_pixels_shoot,FALSE
358r_HYB007,mock_RP043,-49463.9405,0.6555,-147982.0226,49054.1416,FALSE,n_pixels_shoot,FALSE
358r_RP043,417r_HYB007,120051.1667,0.0138,17814.1212,222288.2121,TRUE,n_pixels_shoot,TRUE
358r_RP043,417r_RP043,-154.3571,1,-98672.4393,98363.725,FALSE,n_pixels_shoot,FALSE
358r_RP043,mock_HYB007,71054.3571,0.2736,-27463.725,169572.4393,FALSE,n_pixels_shoot,FALSE
358r_RP043,mock_RP043,-564.3571,1,-99082.4393,97953.725,FALSE,n_pixels_shoot,FALSE
417r_HYB007,417r_RP043,-120205.5238,0.0096,-218723.6059,-21687.4417,TRUE,n_pixels_shoot,TRUE
417r_HYB007,mock_HYB007,-48996.8095,0.6643,-147514.8916,49521.2726,FALSE,n_pixels_shoot,FALSE
417r_HYB007,mock_RP043,-120615.5238,0.0093,-219133.6059,-22097.4417,TRUE,n_pixels_shoot,TRUE
417r_RP043,mock_HYB007,71208.7143,0.233,-23444.3974,165861.8259,FALSE,n_pixels_shoot,FALSE
417r_RP043,mock_RP043,-410,1,-95063.1116,94243.1116,FALSE,n_pixels_shoot,FALSE
mock_HYB007,mock_RP043,-71618.7143,0.2276,-166271.8259,23034.3974,FALSE,n_pixels_shoot,FALSE
358r_HYB007,358r_RP043,-5879982.845,0.2241,-13621478.43,1861512.74,FALSE,sum_fluorescence_main_root,FALSE
358r_HYB007,417r_HYB007,12281616.9,0.0004,4540121.32,20023112.49,TRUE,sum_fluorescence_main_root,TRUE
358r_HYB007,417r_RP043,15618894.01,0,8417286.382,22820501.64,TRUE,sum_fluorescence_main_root,TRUE
358r_HYB007,mock_HYB007,-7670076.595,0.0533,-15411572.18,71418.9897,FALSE,sum_fluorescence_main_root,FALSE
358r_HYB007,mock_RP043,-9366410.095,0.0104,-17107905.68,-1624914.51,TRUE,sum_fluorescence_main_root,TRUE
358r_RP043,417r_HYB007,18161599.75,0,10127870.11,26195329.39,TRUE,sum_fluorescence_main_root,TRUE
358r_RP043,417r_RP043,21498876.85,0,13984010.89,29013742.81,TRUE,sum_fluorescence_main_root,TRUE
358r_RP043,mock_HYB007,-1790093.75,0.9837,-9823823.387,6243635.887,FALSE,sum_fluorescence_main_root,FALSE
358r_RP043,mock_RP043,-3486427.25,0.7763,-11520156.89,4547302.387,FALSE,sum_fluorescence_main_root,FALSE
417r_HYB007,417r_RP043,3337277.104,0.7595,-4177588.856,10852143.06,FALSE,sum_fluorescence_main_root,FALSE
417r_HYB007,mock_HYB007,-19951693.5,0,-27985423.14,-11917963.86,TRUE,sum_fluorescence_main_root,TRUE
417r_HYB007,mock_RP043,-21648027,0,-29681756.64,-13614297.36,TRUE,sum_fluorescence_main_root,TRUE
417r_RP043,mock_HYB007,-23288970.6,0,-30803836.56,-15774104.64,TRUE,sum_fluorescence_main_root,TRUE
417r_RP043,mock_RP043,-24985304.1,0,-32500170.06,-17470438.14,TRUE,sum_fluorescence_main_root,TRUE
mock_HYB007,mock_RP043,-1696333.5,0.9872,-9730063.137,6337396.137,FALSE,sum_fluorescence_main_root,FALSE
358r_HYB007,358r_RP043,-2740800.833,0.6324,-8698747.133,3217145.466,FALSE,sum_fluorescence_lateral_root,FALSE
358r_HYB007,417r_HYB007,5329100.167,0.1457,-1332086.299,11990286.63,FALSE,sum_fluorescence_lateral_root,FALSE
358r_HYB007,417r_RP043,-1742752.583,0.8847,-7315901.029,3830395.862,FALSE,sum_fluorescence_lateral_root,FALSE
358r_HYB007,mock_HYB007,-2106213.5,0.8257,-8064159.799,3851732.799,FALSE,sum_fluorescence_lateral_root,FALSE
358r_HYB007,mock_RP043,-3705976.333,0.451,-10367162.8,2955210.132,FALSE,sum_fluorescence_lateral_root,FALSE
358r_RP043,417r_HYB007,8069901,0.0157,1408714.534,14731087.47,TRUE,sum_fluorescence_lateral_root,TRUE
358r_RP043,417r_RP043,998048.25,0.9879,-4575100.195,6571196.695,FALSE,sum_fluorescence_lateral_root,FALSE
358r_RP043,mock_HYB007,634587.3333,0.9989,-5323358.966,6592533.633,FALSE,sum_fluorescence_lateral_root,FALSE
358r_RP043,mock_RP043,-965175.5,0.9954,-7626361.966,5696010.966,FALSE,sum_fluorescence_lateral_root,FALSE
417r_HYB007,417r_RP043,-7071852.75,0.026,-13391209.1,-752496.4047,TRUE,sum_fluorescence_lateral_root,TRUE
417r_HYB007,mock_HYB007,-7435313.667,0.0264,-14096500.13,-774127.2009,TRUE,sum_fluorescence_lateral_root,TRUE
417r_HYB007,mock_RP043,-9035076.5,0.0136,-16332040.67,-1738112.326,TRUE,sum_fluorescence_lateral_root,TRUE
417r_RP043,mock_HYB007,-363460.9167,0.9999,-5936609.362,5209687.529,FALSE,sum_fluorescence_lateral_root,FALSE
417r_RP043,mock_RP043,-1963223.75,0.8874,-8282580.095,4356132.595,FALSE,sum_fluorescence_lateral_root,FALSE
mock_HYB007,mock_RP043,-1599762.833,0.9578,-8260949.299,5061423.632,FALSE,sum_fluorescence_lateral_root,FALSE
358r_HYB007,358r_RP043,-200.5143,1,-29851.6929,29450.6643,FALSE,sum_fluorescence_main_root_tip,FALSE
358r_HYB007,417r_HYB007,24690.2024,0.1126,-3482.7519,52863.1567,FALSE,sum_fluorescence_main_root_tip,FALSE
358r_HYB007,417r_RP043,27917.7857,0.0402,850.0868,54985.4846,TRUE,sum_fluorescence_main_root_tip,TRUE
358r_HYB007,mock_HYB007,-3589.881,0.9987,-31762.8352,24583.0733,FALSE,sum_fluorescence_main_root_tip,FALSE
358r_HYB007,mock_RP043,-4580.1143,0.9969,-34231.2929,25071.0643,FALSE,sum_fluorescence_main_root_tip,FALSE
358r_RP043,417r_HYB007,24890.7167,0.1657,-5772.7374,55554.1708,FALSE,sum_fluorescence_main_root_tip,FALSE
358r_RP043,417r_RP043,28118.3,0.0709,-1532.8786,57769.4786,FALSE,sum_fluorescence_main_root_tip,FALSE
358r_RP043,mock_HYB007,-3389.3667,0.9994,-34052.8208,27274.0874,FALSE,sum_fluorescence_main_root_tip,FALSE
358r_RP043,mock_RP043,-4379.6,0.9982,-36406.5333,27647.3333,FALSE,sum_fluorescence_main_root_tip,FALSE
417r_HYB007,417r_RP043,3227.5833,0.9993,-24945.3709,31400.5376,FALSE,sum_fluorescence_main_root_tip,FALSE
417r_HYB007,mock_HYB007,-28280.0833,0.0625,-57516.5397,956.373,FALSE,sum_fluorescence_main_root_tip,FALSE
417r_HYB007,mock_RP043,-29270.3167,0.068,-59933.7708,1393.1374,FALSE,sum_fluorescence_main_root_tip,FALSE
417r_RP043,mock_HYB007,-31507.6667,0.0214,-59680.6209,-3334.7124,TRUE,sum_fluorescence_main_root_tip,TRUE
417r_RP043,mock_RP043,-32497.9,0.0252,-62149.0786,-2846.7214,TRUE,sum_fluorescence_main_root_tip,TRUE
mock_HYB007,mock_RP043,-990.2333,1,-31653.6874,29673.2208,FALSE,sum_fluorescence_main_root_tip,FALSE
358r_HYB007,358r_RP043,-424922.3,0.3858,-1081218.129,231373.5289,FALSE,sum_fluorescence_other_tip,FALSE
358r_HYB007,417r_HYB007,718319.3333,0.0164,94742.3536,1341896.313,TRUE,sum_fluorescence_other_tip,TRUE
358r_HYB007,417r_RP043,144383.9286,0.9767,-454729.4546,743497.3117,FALSE,sum_fluorescence_other_tip,FALSE
358r_HYB007,mock_HYB007,-210230.4286,0.8922,-809343.8117,388882.9546,FALSE,sum_fluorescence_other_tip,FALSE
358r_HYB007,mock_RP043,-608851.1667,0.0588,-1232428.146,14725.8131,FALSE,sum_fluorescence_other_tip,FALSE
358r_RP043,417r_HYB007,1143241.633,0.0002,464540.2123,1821943.054,TRUE,sum_fluorescence_other_tip,TRUE
358r_RP043,417r_RP043,569306.2286,0.1197,-86989.6003,1225602.058,FALSE,sum_fluorescence_other_tip,FALSE
358r_RP043,mock_HYB007,214691.8714,0.9175,-441603.9575,870987.7003,FALSE,sum_fluorescence_other_tip,FALSE
358r_RP043,mock_RP043,-183928.8667,0.9615,-862630.2877,494772.5543,FALSE,sum_fluorescence_other_tip,FALSE
417r_HYB007,417r_RP043,-573935.4048,0.0855,-1197512.385,49641.575,FALSE,sum_fluorescence_other_tip,FALSE
417r_HYB007,mock_HYB007,-928549.7619,0.0011,-1552126.742,-304972.7821,TRUE,sum_fluorescence_other_tip,TRUE
417r_HYB007,mock_RP043,-1327170.5,0,-1974286.914,-680054.0858,TRUE,sum_fluorescence_other_tip,TRUE
417r_RP043,mock_HYB007,-354614.3571,0.4842,-953727.7403,244499.026,FALSE,sum_fluorescence_other_tip,FALSE
417r_RP043,mock_RP043,-753235.0952,0.0107,-1376812.075,-129658.1155,TRUE,sum_fluorescence_other_tip,TRUE
mock_HYB007,mock_RP043,-398620.7381,0.3997,-1022197.718,224956.2417,FALSE,sum_fluorescence_other_tip,FALSE
358r_HYB007,358r_RP043,-398913.6667,0.5461,-1217393.51,419566.1765,FALSE,sum_fluorescence_node,FALSE
358r_HYB007,417r_HYB007,570243.0833,0.0913,-76822.0475,1217308.214,FALSE,sum_fluorescence_node,FALSE
358r_HYB007,417r_RP043,193310.2083,0.7944,-348063.3212,734683.7379,FALSE,sum_fluorescence_node,FALSE
358r_HYB007,mock_HYB007,-383922.8333,0.2648,-962675.4807,194829.814,FALSE,sum_fluorescence_node,FALSE
358r_HYB007,mock_RP043,-487309.9167,0.173,-1134375.048,159755.2142,FALSE,sum_fluorescence_node,FALSE
358r_RP043,417r_HYB007,969156.75,0.0278,101027.7789,1837285.721,TRUE,sum_fluorescence_node,TRUE
358r_RP043,417r_RP043,592223.875,0.1779,-200265.8255,1384713.576,FALSE,sum_fluorescence_node,FALSE
358r_RP043,mock_HYB007,14990.8333,1,-803489.0098,833470.6765,FALSE,sum_fluorescence_node,FALSE
358r_RP043,mock_RP043,-88396.25,0.9989,-956525.2211,779732.7211,FALSE,sum_fluorescence_node,FALSE
417r_HYB007,417r_RP043,-376932.875,0.3303,-990792.7574,236927.0074,FALSE,sum_fluorescence_node,FALSE
417r_HYB007,mock_HYB007,-954165.9167,0.005,-1601231.048,-307100.7858,TRUE,sum_fluorescence_node,TRUE
417r_HYB007,mock_RP043,-1057553,0.0046,-1766377.337,-348728.6633,TRUE,sum_fluorescence_node,TRUE
417r_RP043,mock_HYB007,-577233.0417,0.0358,-1118606.571,-35859.5121,TRUE,sum_fluorescence_node,TRUE
417r_RP043,mock_RP043,-680620.125,0.0289,-1294480.007,-66760.2426,TRUE,sum_fluorescence_node,TRUE
mock_HYB007,mock_RP043,-103387.0833,0.9909,-750452.2142,543678.0475,FALSE,sum_fluorescence_node,FALSE
358r_HYB007,358r_RP043,-120985539.9,0.0124,-222984176.9,-18986902.91,TRUE,sum_fluorescence_dilated_root_exclusive,TRUE
358r_HYB007,417r_HYB007,111738100.9,0.0343,5574553.583,217901648.2,TRUE,sum_fluorescence_dilated_root_exclusive,TRUE
358r_HYB007,417r_RP043,24625258,0.9737,-74134497.62,123385013.6,FALSE,sum_fluorescence_dilated_root_exclusive,FALSE
358r_HYB007,mock_HYB007,-67589520.5,0.3645,-169588157.5,34409116.52,FALSE,sum_fluorescence_dilated_root_exclusive,FALSE
358r_HYB007,mock_RP043,-163557187.9,0.0006,-269720735.2,-57393640.58,TRUE,sum_fluorescence_dilated_root_exclusive,TRUE
358r_RP043,417r_HYB007,232723640.8,0,126560093.5,338887188.2,TRUE,sum_fluorescence_dilated_root_exclusive,TRUE
358r_RP043,417r_RP043,145610797.9,0.0011,46851042.3,244370553.6,TRUE,sum_fluorescence_dilated_root_exclusive,TRUE
358r_RP043,mock_HYB007,53396019.43,0.6182,-48602617.59,155394656.4,FALSE,sum_fluorescence_dilated_root_exclusive,FALSE
358r_RP043,mock_RP043,-42571647.99,0.8299,-148735195.3,63591899.35,FALSE,sum_fluorescence_dilated_root_exclusive,FALSE
417r_HYB007,417r_RP043,-87112842.92,0.1382,-190168488.9,15942803.02,FALSE,sum_fluorescence_dilated_root_exclusive,FALSE
417r_HYB007,mock_HYB007,-179327621.4,0.0002,-285491168.7,-73164074.08,TRUE,sum_fluorescence_dilated_root_exclusive,TRUE
417r_HYB007,mock_RP043,-275295288.8,0,-385466408.5,-165124169.2,TRUE,sum_fluorescence_dilated_root_exclusive,TRUE
417r_RP043,mock_HYB007,-92214778.5,0.0787,-190974534.1,6544977.124,FALSE,sum_fluorescence_dilated_root_exclusive,FALSE
417r_RP043,mock_RP043,-188182445.9,0,-291238091.9,-85126799.98,TRUE,sum_fluorescence_dilated_root_exclusive,TRUE
mock_HYB007,mock_RP043,-95967667.42,0.0957,-202131214.7,10195879.92,FALSE,sum_fluorescence_dilated_root_exclusive,FALSE
358r_HYB007,358r_RP043,-128952241.5,0.0126,-237892840.9,-20011642.05,TRUE,sum_fluorescence_dilated_root,TRUE
358r_HYB007,417r_HYB007,130136125.4,0.0167,16747154.45,243525096.3,TRUE,sum_fluorescence_dilated_root,TRUE
358r_HYB007,417r_RP043,38542284.41,0.8776,-66938997.44,144023566.3,FALSE,sum_fluorescence_dilated_root,FALSE
358r_HYB007,mock_HYB007,-77001145.14,0.2961,-185941744.6,31939454.31,FALSE,sum_fluorescence_dilated_root,FALSE
358r_HYB007,mock_RP043,-176800142.6,0.0005,-290189113.5,-63411171.71,TRUE,sum_fluorescence_dilated_root,TRUE
358r_RP043,417r_HYB007,259088366.9,0,145699396,372477337.8,TRUE,sum_fluorescence_dilated_root,TRUE
358r_RP043,417r_RP043,167494525.9,0.0004,62013244.06,272975807.8,TRUE,sum_fluorescence_dilated_root,TRUE
358r_RP043,mock_HYB007,51951096.36,0.7048,-56989503.09,160891695.8,FALSE,sum_fluorescence_dilated_root,FALSE
358r_RP043,mock_RP043,-47847901.13,0.7981,-161236872,65541069.79,FALSE,sum_fluorescence_dilated_root,FALSE
417r_HYB007,417r_RP043,-91593840.96,0.1495,-201663388.7,18475706.77,FALSE,sum_fluorescence_dilated_root,FALSE
417r_HYB007,mock_HYB007,-207137270.5,0,-320526241.4,-93748299.6,TRUE,sum_fluorescence_dilated_root,TRUE
417r_HYB007,mock_RP043,-306936268,0,-424605564.1,-189266971.9,TRUE,sum_fluorescence_dilated_root,TRUE
417r_RP043,mock_HYB007,-115543429.6,0.0249,-221024711.4,-10062147.71,TRUE,sum_fluorescence_dilated_root,TRUE
417r_RP043,mock_RP043,-215342427,0,-325411974.8,-105272879.3,TRUE,sum_fluorescence_dilated_root,TRUE
mock_HYB007,mock_RP043,-99798997.49,0.1114,-213187968.4,13589973.43,FALSE,sum_fluorescence_dilated_root,FALSE
358r_HYB007,358r_RP043,-6072847.667,0.819,-20998420.65,8852725.321,FALSE,sum_fluorescence_shoot,FALSE
358r_HYB007,417r_HYB007,11097303.25,0.244,-3828269.738,26022876.24,FALSE,sum_fluorescence_shoot,FALSE
358r_HYB007,417r_RP043,494552.2381,1,-13888089.77,14877194.25,FALSE,sum_fluorescence_shoot,FALSE
358r_HYB007,mock_HYB007,362982.6667,1,-14019659.35,14745624.68,FALSE,sum_fluorescence_shoot,FALSE
358r_HYB007,mock_RP043,-9478981.833,0.3679,-23861623.85,4903660.178,FALSE,sum_fluorescence_shoot,FALSE
358r_RP043,417r_HYB007,17170150.92,0.0165,2244577.929,32095723.9,TRUE,sum_fluorescence_shoot,TRUE
358r_RP043,417r_RP043,6567399.905,0.738,-7815242.107,20950041.92,FALSE,sum_fluorescence_shoot,FALSE
358r_RP043,mock_HYB007,6435830.333,0.7537,-7946811.678,20818472.35,FALSE,sum_fluorescence_shoot,FALSE
358r_RP043,mock_RP043,-3406134.167,0.9786,-17788776.18,10976507.85,FALSE,sum_fluorescence_shoot,FALSE
417r_HYB007,417r_RP043,-10602751.01,0.2522,-24985393.02,3779891,FALSE,sum_fluorescence_shoot,FALSE
417r_HYB007,mock_HYB007,-10734320.58,0.2404,-25116962.6,3648321.428,FALSE,sum_fluorescence_shoot,FALSE
417r_HYB007,mock_RP043,-20576285.08,0.0017,-34958927.1,-6193643.072,TRUE,sum_fluorescence_shoot,TRUE
417r_RP043,mock_HYB007,-131569.5714,1,-13949965.04,13686825.9,FALSE,sum_fluorescence_shoot,FALSE
417r_RP043,mock_RP043,-9973534.071,0.2729,-23791929.54,3844861.402,FALSE,sum_fluorescence_shoot,FALSE
mock_HYB007,mock_RP043,-9841964.5,0.2862,-23660359.97,3976430.973,FALSE,sum_fluorescence_shoot,FALSE
358r_HYB007,358r_RP043,0,,0,0,FALSE,n_pixels_unknown,FALSE
358r_HYB007,417r_HYB007,0,,0,0,FALSE,n_pixels_unknown,FALSE
358r_HYB007,417r_RP043,0,,0,0,FALSE,n_pixels_unknown,FALSE
358r_HYB007,mock_HYB007,0,,0,0,FALSE,n_pixels_unknown,FALSE
358r_HYB007,mock_RP043,0,,0,0,FALSE,n_pixels_unknown,FALSE
358r_RP043,417r_HYB007,0,,0,0,FALSE,n_pixels_unknown,FALSE
358r_RP043,417r_RP043,0,,0,0,FALSE,n_pixels_unknown,FALSE
358r_RP043,mock_HYB007,0,,0,0,FALSE,n_pixels_unknown,FALSE
358r_RP043,mock_RP043,0,,0,0,FALSE,n_pixels_unknown,FALSE
417r_HYB007,417r_RP043,0,,0,0,FALSE,n_pixels_unknown,FALSE
417r_HYB007,mock_HYB007,0,,0,0,FALSE,n_pixels_unknown,FALSE
417r_HYB007,mock_RP043,0,,0,0,FALSE,n_pixels_unknown,FALSE
417r_RP043,mock_HYB007,0,,0,0,FALSE,n_pixels_unknown,FALSE
417r_RP043,mock_RP043,0,,0,0,FALSE,n_pixels_unknown,FALSE
mock_HYB007,mock_RP043,0,,0,0,FALSE,n_pixels_unknown,FALSE
