parameter,genotype,bacteria,mean_auc,mean_auc_col0,diff_vs_col0,p_value_vs_col0,mean_auc_mock,diff_vs_mock,p_value_vs_mock
mean_fluorescence_main_root,DR5v2,417pvd,13250.4235346603,13942.887368387306,-692.4638337270062,0.23505493370861286,3804.5142530133216,9445.909281646978,3.13031401937262e-16
mean_fluorescence_main_root,DR5v2,417r,14618.870117390816,15508.427100429439,-889.556983038623,0.09941878675944481,3804.5142530133216,10814.355864377494,3.13077000162665e-19
mean_fluorescence_main_root,DR5v2,mock,3804.5142530133216,3668.3999859362953,136.1142670770264,0.41221105405961594,3804.5142530133216,0.0,
mean_fluorescence_main_root,Col-0,417pvd,13942.887368387306,13942.887368387306,0.0,,3668.3999859362953,10274.48738245101,2.2494000541025808e-06
mean_fluorescence_main_root,Col-0,417r,15508.427100429439,15508.427100429439,0.0,,3668.3999859362953,11840.027114493143,6.334434963167384e-07
mean_fluorescence_main_root,Col-0,mock,3668.3999859362953,3668.3999859362953,0.0,,3668.3999859362953,0.0,
mean_fluorescence_main_root,,417pvd,,13942.887368387306,,,,,
mean_fluorescence_main_root,,417r,,15508.427100429439,,,,,
mean_fluorescence_main_root,,mock,,3668.3999859362953,,,,,
mean_fluorescence_lateral_root,DR5v2,417pvd,8690.51909390064,8625.465097255228,65.05399664541255,0.9241011492073083,3483.037207007765,5207.481886892876,2.213171677175834e-10
mean_fluorescence_lateral_root,DR5v2,417r,9460.175663962222,9051.168894484284,409.00676947793727,0.16737996557760748,3483.037207007765,5977.138456954457,1.4845629675867875e-29
mean_fluorescence_lateral_root,DR5v2,mock,3483.037207007765,3114.9230756261113,368.1141313816538,0.5231821720683327,3483.037207007765,0.0,
mean_fluorescence_lateral_root,Col-0,417pvd,8625.465097255228,8625.465097255228,0.0,,3114.9230756261113,5510.542021629117,3.483481005841845e-05
mean_fluorescence_lateral_root,Col-0,417r,9051.168894484284,9051.168894484284,0.0,,3114.9230756261113,5936.245818858173,2.2818346362721257e-05
mean_fluorescence_lateral_root,Col-0,mock,3114.9230756261113,3114.9230756261113,0.0,,3114.9230756261113,0.0,
mean_fluorescence_lateral_root,,417pvd,,8625.465097255228,,,,,
mean_fluorescence_lateral_root,,417r,,9051.168894484284,,,,,
mean_fluorescence_lateral_root,,mock,,3114.9230756261113,,,,,
mean_fluorescence_main_root_tip,DR5v2,417pvd,16308.747131147538,14615.634426229508,1693.1127049180304,0.0774418629713146,3852.100517687661,12456.646613459878,1.2474417053403826e-12
mean_fluorescence_main_root_tip,DR5v2,417r,19479.181967213117,21169.59016393443,-1690.4081967213133,0.2582380109728308,3852.100517687661,15627.081449525456,3.889922970445263e-11
mean_fluorescence_main_root_tip,DR5v2,mock,3852.100517687661,3679.479508196721,172.6210094909402,0.26911354413172417,3852.100517687661,0.0,
mean_fluorescence_main_root_tip,Col-0,417pvd,14615.634426229508,14615.634426229508,0.0,,3679.479508196721,10936.154918032787,8.773156638808526e-06
mean_fluorescence_main_root_tip,Col-0,417r,21169.59016393443,21169.59016393443,0.0,,3679.479508196721,17490.11065573771,2.4692621138793303e-05
mean_fluorescence_main_root_tip,Col-0,mock,3679.479508196721,3679.479508196721,0.0,,3679.479508196721,0.0,
mean_fluorescence_main_root_tip,,417pvd,,14615.634426229508,,,,,
mean_fluorescence_main_root_tip,,417r,,21169.59016393443,,,,,
mean_fluorescence_main_root_tip,,mock,,3679.479508196721,,,,,
mean_fluorescence_other_tip,DR5v2,417pvd,6909.602931455057,6628.793192266722,280.8097391883348,0.1161599320578666,3815.756164494125,3093.8467669609317,5.540796710222589e-15
mean_fluorescence_other_tip,DR5v2,417r,7364.470781353388,7211.952645614071,152.51813573931668,0.5961835653133642,3815.756164494125,3548.7146168592626,6.265462947325282e-17
mean_fluorescence_other_tip,DR5v2,mock,3815.756164494125,3680.970409212628,134.78575528149713,0.43975055020951964,3815.756164494125,0.0,
mean_fluorescence_other_tip,Col-0,417pvd,6628.793192266722,6628.793192266722,0.0,,3680.970409212628,2947.822783054094,2.8004859245636864e-07
mean_fluorescence_other_tip,Col-0,417r,7211.952645614071,7211.952645614071,0.0,,3680.970409212628,3530.982236401443,4.757723054337346e-06
mean_fluorescence_other_tip,Col-0,mock,3680.970409212628,3680.970409212628,0.0,,3680.970409212628,0.0,
mean_fluorescence_other_tip,,417pvd,,6628.793192266722,,,,,
mean_fluorescence_other_tip,,417r,,7211.952645614071,,,,,
mean_fluorescence_other_tip,,mock,,3680.970409212628,,,,,
mean_fluorescence_node,DR5v2,417pvd,10087.610513130223,10119.698324905323,-32.08781177509991,0.965987800398814,3447.5613213094753,6640.049191820748,1.0512674700930885e-10
mean_fluorescence_node,DR5v2,417r,11430.664642447637,11633.892685921746,-203.22804347410965,0.6166015408636821,3447.5613213094753,7983.103321138162,7.662643236095344e-24
mean_fluorescence_node,DR5v2,mock,3447.5613213094753,2955.2714094094977,492.2899118999776,0.4160429505185013,3447.5613213094753,0.0,
mean_fluorescence_node,Col-0,417pvd,10119.698324905323,10119.698324905323,0.0,,2955.2714094094977,7164.426915495826,5.034699701956342e-06
mean_fluorescence_node,Col-0,417r,11633.892685921746,11633.892685921746,0.0,,2955.2714094094977,8678.62127651225,9.010504179783365e-07
mean_fluorescence_node,Col-0,mock,2955.2714094094977,2955.2714094094977,0.0,,2955.2714094094977,0.0,
mean_fluorescence_node,,417pvd,,10119.698324905323,,,,,
mean_fluorescence_node,,417r,,11633.892685921746,,,,,
mean_fluorescence_node,,mock,,2955.2714094094977,,,,,
mean_fluorescence_dilated_root_exclusive,DR5v2,417pvd,5487.447138349715,5550.457409163542,-63.01027081382745,0.6099519653383636,3772.745006107779,1714.702132241936,5.938485386209291e-14
mean_fluorescence_dilated_root_exclusive,DR5v2,417r,5569.869210522642,5561.07428523439,8.794925288251761,0.9213489809788712,3772.745006107779,1797.124204414863,2.157229253691938e-20
mean_fluorescence_dilated_root_exclusive,DR5v2,mock,3772.745006107779,3631.2855229020515,141.45948320572734,0.39074132038522996,3772.745006107779,0.0,
mean_fluorescence_dilated_root_exclusive,Col-0,417pvd,5550.457409163542,5550.457409163542,0.0,,3631.2855229020515,1919.1718862614907,5.629057242255856e-06
mean_fluorescence_dilated_root_exclusive,Col-0,417r,5561.07428523439,5561.07428523439,0.0,,3631.2855229020515,1929.7887623323386,6.852938964462309e-06
mean_fluorescence_dilated_root_exclusive,Col-0,mock,3631.2855229020515,3631.2855229020515,0.0,,3631.2855229020515,0.0,
mean_fluorescence_dilated_root_exclusive,,417pvd,,5550.457409163542,,,,,
mean_fluorescence_dilated_root_exclusive,,417r,,5561.07428523439,,,,,
mean_fluorescence_dilated_root_exclusive,,mock,,3631.2855229020515,,,,,
mean_fluorescence_dilated_root,DR5v2,417pvd,5731.821716125463,5803.671163442994,-71.84944731753058,0.6064642806820362,3773.5452786580977,1958.2764374673657,3.8864641410871054e-14
mean_fluorescence_dilated_root,DR5v2,417r,5836.294564487489,5841.43205370175,-5.1374892142612225,0.9577080858621217,3773.5452786580977,2062.7492858293913,6.178944528487354e-21
mean_fluorescence_dilated_root,DR5v2,mock,3773.5452786580977,3632.0373744515614,141.5079042065363,0.39096576182693,3773.5452786580977,0.0,
mean_fluorescence_dilated_root,Col-0,417pvd,5803.671163442994,5803.671163442994,0.0,,3632.0373744515614,2171.6337889914325,1.6663934657553018e-06
mean_fluorescence_dilated_root,Col-0,417r,5841.43205370175,5841.43205370175,0.0,,3632.0373744515614,2209.394679250189,2.0919073394836917e-06
mean_fluorescence_dilated_root,Col-0,mock,3632.0373744515614,3632.0373744515614,0.0,,3632.0373744515614,0.0,
mean_fluorescence_dilated_root,,417pvd,,5803.671163442994,,,,,
mean_fluorescence_dilated_root,,417r,,5841.43205370175,,,,,
mean_fluorescence_dilated_root,,mock,,3632.0373744515614,,,,,
mean_fluorescence_shoot,DR5v2,417pvd,5521.196484957556,5589.505617937934,-68.30913298037831,0.7404446577820616,3866.7578367731026,1654.4386481844535,6.152193447460769e-16
mean_fluorescence_shoot,DR5v2,417r,5300.224747337512,5263.660680676354,36.564066661157995,0.7278491934253977,3866.7578367731026,1433.4669105644093,3.025967805412438e-17
mean_fluorescence_shoot,DR5v2,mock,3866.7578367731026,3742.6820348536676,124.07580191943498,0.4935504056121821,3866.7578367731026,0.0,
mean_fluorescence_shoot,Col-0,417pvd,5589.505617937934,5589.505617937934,0.0,,3742.6820348536676,1846.8235830842668,4.7325533994860115e-05
mean_fluorescence_shoot,Col-0,417r,5263.660680676354,5263.660680676354,0.0,,3742.6820348536676,1520.9786458226863,6.759159192329907e-05
mean_fluorescence_shoot,Col-0,mock,3742.6820348536676,3742.6820348536676,0.0,,3742.6820348536676,0.0,
mean_fluorescence_shoot,,417pvd,,5589.505617937934,,,,,
mean_fluorescence_shoot,,417r,,5263.660680676354,,,,,
mean_fluorescence_shoot,,mock,,3742.6820348536676,,,,,
n_pixels_main_root,DR5v2,417pvd,122885.075,128314.8,-5429.725000000006,0.39329140123431117,147284.76315789475,-24399.68815789475,3.073352000140184e-06
n_pixels_main_root,DR5v2,417r,128430.55,138395.4,-9964.849999999991,0.24709759142924312,147284.76315789475,-18854.213157894745,0.0018775798983572461
n_pixels_main_root,DR5v2,mock,147284.76315789475,133156.08333333334,14128.679824561405,0.19297661812611172,147284.76315789475,0.0,
n_pixels_main_root,Col-0,417pvd,128314.8,128314.8,0.0,,133156.08333333334,-4841.28333333334,0.6572143638849732
n_pixels_main_root,Col-0,417r,138395.4,138395.4,0.0,,133156.08333333334,5239.316666666651,0.6533151128687433
n_pixels_main_root,Col-0,mock,133156.08333333334,133156.08333333334,0.0,,133156.08333333334,0.0,
n_pixels_main_root,,417pvd,,128314.8,,,,,
n_pixels_main_root,,417r,,138395.4,,,,,
n_pixels_main_root,,mock,,133156.08333333334,,,,,
n_pixels_lateral_root,DR5v2,417pvd,349625.05,333428.0,16197.049999999988,0.6293164742526952,384111.86842105264,-34486.81842105265,0.2590844345005805
n_pixels_lateral_root,DR5v2,417r,375055.1,370966.6,4088.5,0.9162932211924666,384111.86842105264,-9056.768421052664,0.7342910321919928
n_pixels_lateral_root,DR5v2,mock,384111.86842105264,327649.3333333333,56462.53508771933,0.3300482412342738,384111.86842105264,0.0,
n_pixels_lateral_root,Col-0,417pvd,333428.0,333428.0,0.0,,327649.3333333333,5778.666666666686,0.9195564514184968
n_pixels_lateral_root,Col-0,417r,370966.6,370966.6,0.0,,327649.3333333333,43317.26666666666,0.48896951657119414
n_pixels_lateral_root,Col-0,mock,327649.3333333333,327649.3333333333,0.0,,327649.3333333333,0.0,
n_pixels_lateral_root,,417pvd,,333428.0,,,,,
n_pixels_lateral_root,,417r,,370966.6,,,,,
n_pixels_lateral_root,,mock,,327649.3333333333,,,,,
n_pixels_main_root_tip,DR5v2,417pvd,1826.95,1830.0,-3.0499999999999545,0.32987680092113214,1830.0,-3.0499999999999545,0.32987680092113214
n_pixels_main_root_tip,DR5v2,417r,1830.0,1830.0,0.0,,1830.0,0.0,
n_pixels_main_root_tip,DR5v2,mock,1830.0,1758.8333333333333,71.16666666666674,0.36321746764912205,1830.0,0.0,
n_pixels_main_root_tip,Col-0,417pvd,1830.0,1830.0,0.0,,1758.8333333333333,71.16666666666674,0.36321746764912205
n_pixels_main_root_tip,Col-0,417r,1830.0,1830.0,0.0,,1758.8333333333333,71.16666666666674,0.36321746764912205
n_pixels_main_root_tip,Col-0,mock,1758.8333333333333,1758.8333333333333,0.0,,1758.8333333333333,0.0,
n_pixels_main_root_tip,,417pvd,,1830.0,,,,,
n_pixels_main_root_tip,,417r,,1830.0,,,,,
n_pixels_main_root_tip,,mock,,1758.8333333333333,,,,,
n_pixels_other_tip,DR5v2,417pvd,56965.2,50260.9,6704.299999999996,0.07583792801052684,51793.13157894737,5172.068421052631,0.0838581450677655
n_pixels_other_tip,DR5v2,417r,59576.9,55731.5,3845.4000000000015,0.4911553079298415,51793.13157894737,7783.768421052635,0.040347794250004114
n_pixels_other_tip,DR5v2,mock,51793.13157894737,50971.5,821.6315789473665,0.8259536434448617,51793.13157894737,0.0,
n_pixels_other_tip,Col-0,417pvd,50260.9,50260.9,0.0,,50971.5,-710.5999999999985,0.8641271960305497
n_pixels_other_tip,Col-0,417r,55731.5,55731.5,0.0,,50971.5,4760.0,0.40051423656054597
n_pixels_other_tip,Col-0,mock,50971.5,50971.5,0.0,,50971.5,0.0,
n_pixels_other_tip,,417pvd,,50260.9,,,,,
n_pixels_other_tip,,417r,,55731.5,,,,,
n_pixels_other_tip,,mock,,50971.5,,,,,
n_pixels_node,DR5v2,417pvd,27185.125,26839.5,345.625,0.8906426723098401,24799.052631578947,2386.0723684210534,0.19403190615619553
n_pixels_node,DR5v2,417r,26315.1,27638.9,-1323.800000000003,0.6348394433934026,24799.052631578947,1516.047368421052,0.2792632833438186
n_pixels_node,DR5v2,mock,24799.052631578947,19310.333333333332,5488.7192982456145,0.179172163532835,24799.052631578947,0.0,
n_pixels_node,Col-0,417pvd,26839.5,26839.5,0.0,,19310.333333333332,7529.166666666668,0.0951789467325521
n_pixels_node,Col-0,417r,27638.9,27638.9,0.0,,19310.333333333332,8328.56666666667,0.08205495362995575
n_pixels_node,Col-0,mock,19310.333333333332,19310.333333333332,0.0,,19310.333333333332,0.0,
n_pixels_node,,417pvd,,26839.5,,,,,
n_pixels_node,,417r,,27638.9,,,,,
n_pixels_node,,mock,,19310.333333333332,,,,,
n_pixels_dilated_root_exclusive,DR5v2,417pvd,8378002.975,8066471.5,311531.4749999996,0.6779394494332078,9483161.815789474,-1105158.8407894745,0.07053923250094866
n_pixels_dilated_root_exclusive,DR5v2,417r,9210324.45,9427568.2,-217243.75,0.809318327388532,9483161.815789474,-272837.3657894749,0.6415848665132116
n_pixels_dilated_root_exclusive,DR5v2,mock,9483161.815789474,8848020.5,635141.3157894742,0.4195142719418474,9483161.815789474,0.0,
n_pixels_dilated_root_exclusive,Col-0,417pvd,8066471.5,8066471.5,0.0,,8848020.5,-781549.0,0.3876662656417518
n_pixels_dilated_root_exclusive,Col-0,417r,9427568.2,9427568.2,0.0,,8848020.5,579547.6999999993,0.5730840726339383
n_pixels_dilated_root_exclusive,Col-0,mock,8848020.5,8848020.5,0.0,,8848020.5,0.0,
n_pixels_dilated_root_exclusive,,417pvd,,8066471.5,,,,,
n_pixels_dilated_root_exclusive,,417r,,9427568.2,,,,,
n_pixels_dilated_root_exclusive,,mock,,8848020.5,,,,,
n_pixels_dilated_root,DR5v2,417pvd,8790729.575,8463764.5,326965.07499999925,0.6789361354768798,9950482.184210526,-1159752.6092105266,0.07142543350877288
n_pixels_dilated_root,DR5v2,417r,9656861.925,9895067.2,-238205.2749999985,0.8011790075140217,9950482.184210526,-293620.2592105251,0.6331779019614772
n_pixels_dilated_root,DR5v2,mock,9950482.184210526,9291118.916666666,659363.2675438598,0.4251882246337332,9950482.184210526,0.0,
n_pixels_dilated_root,Col-0,417pvd,8463764.5,8463764.5,0.0,,9291118.916666666,-827354.416666666,0.38478206767546586
n_pixels_dilated_root,Col-0,417r,9895067.2,9895067.2,0.0,,9291118.916666666,603948.2833333332,0.5763652632151184
n_pixels_dilated_root,Col-0,mock,9291118.916666666,9291118.916666666,0.0,,9291118.916666666,0.0,
n_pixels_dilated_root,,417pvd,,8463764.5,,,,,
n_pixels_dilated_root,,417r,,9895067.2,,,,,
n_pixels_dilated_root,,mock,,9291118.916666666,,,,,
n_pixels_shoot,DR5v2,417pvd,598816.35,549918.5,48897.84999999998,0.4038185950163354,555479.2368421053,43337.113157894695,0.19033285194556152
n_pixels_shoot,DR5v2,417r,572891.45,548086.1,24805.349999999977,0.6045726753339058,555479.2368421053,17412.213157894672,0.5445246726466391
n_pixels_shoot,DR5v2,mock,555479.2368421053,557069.75,-1590.5131578947185,0.9789031159416234,555479.2368421053,0.0,
n_pixels_shoot,Col-0,417pvd,549918.5,549918.5,0.0,,557069.75,-7151.25,0.9238929073409721
n_pixels_shoot,Col-0,417r,548086.1,548086.1,0.0,,557069.75,-8983.650000000023,0.8977227562501902
n_pixels_shoot,Col-0,mock,557069.75,557069.75,0.0,,557069.75,0.0,
n_pixels_shoot,,417pvd,,549918.5,,,,,
n_pixels_shoot,,417r,,548086.1,,,,,
n_pixels_shoot,,mock,,557069.75,,,,,
sum_fluorescence_main_root,DR5v2,417pvd,63025094.775,66927203.2,-3902108.4250000045,0.374424034002809,18693790.684210528,44331304.09078947,1.7397602015506614e-13
sum_fluorescence_main_root,DR5v2,417r,71862824.925,82145124.1,-10282299.174999997,0.06137804816555877,18693790.684210528,53169034.24078947,3.661591180457996e-12
sum_fluorescence_main_root,DR5v2,mock,18693790.684210528,16938097.416666668,1755693.2675438598,0.2046022225766288,18693790.684210528,0.0,
sum_fluorescence_main_root,Col-0,417pvd,66927203.2,66927203.2,0.0,,16938097.416666668,49989105.78333333,3.19297155322293e-05
sum_fluorescence_main_root,Col-0,417r,82145124.1,82145124.1,0.0,,16938097.416666668,65207026.68333332,1.4828434613912153e-05
sum_fluorescence_main_root,Col-0,mock,16938097.416666668,16938097.416666668,0.0,,16938097.416666668,0.0,
sum_fluorescence_main_root,,417pvd,,66927203.2,,,,,
sum_fluorescence_main_root,,417r,,82145124.1,,,,,
sum_fluorescence_main_root,,mock,,16938097.416666668,,,,,
sum_fluorescence_lateral_root,DR5v2,417pvd,133720894.775,124554950.5,9165944.275000006,0.5651477684721926,48604678.0,85116216.775,1.63229545322729e-07
sum_fluorescence_lateral_root,DR5v2,417r,153266801.15,151361175.9,1905625.25,0.9158117395565977,48604678.0,104662123.15,4.19715501532177e-10
sum_fluorescence_lateral_root,DR5v2,mock,48604678.0,41544279.833333336,7060398.166666664,0.33786835385478114,48604678.0,0.0,
sum_fluorescence_lateral_root,Col-0,417pvd,124554950.5,124554950.5,0.0,,41544279.833333336,83010670.66666666,0.0004680052738768799
sum_fluorescence_lateral_root,Col-0,417r,151361175.9,151361175.9,0.0,,41544279.833333336,109816896.06666666,0.0006823213645660357
sum_fluorescence_lateral_root,Col-0,mock,41544279.833333336,41544279.833333336,0.0,,41544279.833333336,0.0,
sum_fluorescence_lateral_root,,417pvd,,124554950.5,,,,,
sum_fluorescence_lateral_root,,417r,,151361175.9,,,,,
sum_fluorescence_lateral_root,,mock,,41544279.833333336,,,,,
sum_fluorescence_main_root_tip,DR5v2,417pvd,994833.575,891553.7,103279.875,0.07744186297131418,234978.13157894736,759855.4434210525,1.2474417053403824e-12
sum_fluorescence_main_root_tip,DR5v2,417r,1188230.1,1291345.0,-103114.8999999999,0.25823801097283183,234978.13157894736,953251.9684210527,3.889922970445263e-11
sum_fluorescence_main_root_tip,DR5v2,mock,234978.13157894736,224448.25,10529.88157894736,0.2691135441317242,234978.13157894736,0.0,
sum_fluorescence_main_root_tip,Col-0,417pvd,891553.7,891553.7,0.0,,224448.25,667105.45,8.773156638808497e-06
sum_fluorescence_main_root_tip,Col-0,417r,1291345.0,1291345.0,0.0,,224448.25,1066896.75,2.469262113879339e-05
sum_fluorescence_main_root_tip,Col-0,mock,224448.25,224448.25,0.0,,224448.25,0.0,
sum_fluorescence_main_root_tip,,417pvd,,891553.7,,,,,
sum_fluorescence_main_root_tip,,417r,,1291345.0,,,,,
sum_fluorescence_main_root_tip,,mock,,224448.25,,,,,
sum_fluorescence_other_tip,DR5v2,417pvd,14535011.725,12189514.1,2345497.625,0.07415672128422435,6581035.394736842,7953976.330263157,8.961607927506174e-15
sum_fluorescence_other_tip,DR5v2,417r,17522720.35,16284069.3,1238651.0500000007,0.5840054500444036,6581035.394736842,10941684.95526316,6.840914162343876e-09
sum_fluorescence_other_tip,DR5v2,mock,6581035.394736842,6490155.25,90880.14473684225,0.8488752692778958,6581035.394736842,0.0,
sum_fluorescence_other_tip,Col-0,417pvd,12189514.1,12189514.1,0.0,,6490155.25,5699358.85,0.0024595685251257117
sum_fluorescence_other_tip,Col-0,417r,16284069.3,16284069.3,0.0,,6490155.25,9793914.05,0.005067089761428014
sum_fluorescence_other_tip,Col-0,mock,6490155.25,6490155.25,0.0,,6490155.25,0.0,
sum_fluorescence_other_tip,,417pvd,,12189514.1,,,,,
sum_fluorescence_other_tip,,417r,,16284069.3,,,,,
sum_fluorescence_other_tip,,mock,,6490155.25,,,,,
sum_fluorescence_node,DR5v2,417pvd,12000924.45,11317656.9,683267.5499999989,0.6359657546310185,3149757.3157894737,8851167.134210525,2.6734342916077705e-09
sum_fluorescence_node,DR5v2,417r,12951719.775,14228116.9,-1276397.125,0.47890985666588204,3149757.3157894737,9801962.459210526,5.662469114803452e-11
sum_fluorescence_node,DR5v2,mock,3149757.3157894737,2462143.1666666665,687614.1491228072,0.18548924785633894,3149757.3157894737,0.0,
sum_fluorescence_node,Col-0,417pvd,11317656.9,11317656.9,0.0,,2462143.1666666665,8855513.733333334,0.0005390612393192518
sum_fluorescence_node,Col-0,417r,14228116.9,14228116.9,0.0,,2462143.1666666665,11765973.733333334,0.0009010363600230793
sum_fluorescence_node,Col-0,mock,2462143.1666666665,2462143.1666666665,0.0,,2462143.1666666665,0.0,
sum_fluorescence_node,,417pvd,,11317656.9,,,,,
sum_fluorescence_node,,417r,,14228116.9,,,,,
sum_fluorescence_node,,mock,,2462143.1666666665,,,,,
sum_fluorescence_dilated_root_exclusive,DR5v2,417pvd,1619687157.45,1546036377.8,73650779.6500001,0.6354422971864366,1194035918.4473684,425651239.00263166,0.00034136073882271934
sum_fluorescence_dilated_root_exclusive,DR5v2,417r,1819524585.4,1850757922.9,-31233337.5,0.8713538976316063,1194035918.4473684,625488666.9526317,3.054814900696658e-06
sum_fluorescence_dilated_root_exclusive,DR5v2,mock,1194035918.4473684,1115435715.5833333,78600202.86403513,0.43173632965798225,1194035918.4473684,0.0,
sum_fluorescence_dilated_root_exclusive,Col-0,417pvd,1546036377.8,1546036377.8,0.0,,1115435715.5833333,430600662.2166667,0.01912938647184703
sum_fluorescence_dilated_root_exclusive,Col-0,417r,1850757922.9,1850757922.9,0.0,,1115435715.5833333,735322207.3166668,0.006262603332689882
sum_fluorescence_dilated_root_exclusive,Col-0,mock,1115435715.5833333,1115435715.5833333,0.0,,1115435715.5833333,0.0,
sum_fluorescence_dilated_root_exclusive,,417pvd,,1546036377.8,,,,,
sum_fluorescence_dilated_root_exclusive,,417r,,1850757922.9,,,,,
sum_fluorescence_dilated_root_exclusive,,mock,,1115435715.5833333,,,,,
sum_fluorescence_dilated_root,DR5v2,417pvd,1798551642.3,1719243653.1,79307989.20000005,0.6457941364458295,1253137510.868421,545414131.4315789,6.400143418342706e-05
sum_fluorescence_dilated_root,DR5v2,417r,2026341736.9,2070631004.4,-44289267.5,0.8362603557775588,1253137510.868421,773204226.031579,4.937429308044621e-07
sum_fluorescence_dilated_root,DR5v2,mock,1253137510.868421,1171527386.9166667,81610123.95175433,0.4373626788557864,1253137510.868421,0.0,
sum_fluorescence_dilated_root,Col-0,417pvd,1719243653.1,1719243653.1,0.0,,1171527386.9166667,547716266.1833332,0.009831979819683914
sum_fluorescence_dilated_root,Col-0,417r,2070631004.4,2070631004.4,0.0,,1171527386.9166667,899103617.4833333,0.004097901380610305
sum_fluorescence_dilated_root,Col-0,mock,1171527386.9166667,1171527386.9166667,0.0,,1171527386.9166667,0.0,
sum_fluorescence_dilated_root,,417pvd,,1719243653.1,,,,,
sum_fluorescence_dilated_root,,417r,,2070631004.4,,,,,
sum_fluorescence_dilated_root,,mock,,1171527386.9166667,,,,,
sum_fluorescence_shoot,DR5v2,417pvd,111038316.175,99441940.2,11596375.974999994,0.2775138900878634,71567978.21052632,39470337.96447368,2.3506859017348311e-07
sum_fluorescence_shoot,DR5v2,417r,104110156.325,98006528.1,6103628.225000009,0.5485736690055315,71567978.21052632,32542178.114473686,3.103856051992494e-07
sum_fluorescence_shoot,DR5v2,mock,71567978.21052632,72549866.75,-981888.5394736826,0.9035665418383625,71567978.21052632,0.0,
sum_fluorescence_shoot,Col-0,417pvd,99441940.2,99441940.2,0.0,,72549866.75,26892073.450000003,0.041364841445052515
sum_fluorescence_shoot,Col-0,417r,98006528.1,98006528.1,0.0,,72549866.75,25456661.349999994,0.05335306159973052
sum_fluorescence_shoot,Col-0,mock,72549866.75,72549866.75,0.0,,72549866.75,0.0,
sum_fluorescence_shoot,,417pvd,,99441940.2,,,,,
sum_fluorescence_shoot,,417r,,98006528.1,,,,,
sum_fluorescence_shoot,,mock,,72549866.75,,,,,
mean_fluorescence_unknown,DR5v2,417pvd,,,,,,,
mean_fluorescence_unknown,DR5v2,417r,,,,,,,
mean_fluorescence_unknown,DR5v2,mock,,,,,,,
mean_fluorescence_unknown,Col-0,417pvd,,,,,,,
mean_fluorescence_unknown,Col-0,417r,,,,,,,
mean_fluorescence_unknown,Col-0,mock,,,,,,,
mean_fluorescence_unknown,,417pvd,,,,,,,
mean_fluorescence_unknown,,417r,,,,,,,
mean_fluorescence_unknown,,mock,,,,,,,
n_pixels_unknown,DR5v2,417pvd,0.0,0.0,0.0,,0.0,0.0,
n_pixels_unknown,DR5v2,417r,0.0,0.0,0.0,,0.0,0.0,
n_pixels_unknown,DR5v2,mock,0.0,0.0,0.0,,0.0,0.0,
n_pixels_unknown,Col-0,417pvd,0.0,0.0,0.0,,0.0,0.0,
n_pixels_unknown,Col-0,417r,0.0,0.0,0.0,,0.0,0.0,
n_pixels_unknown,Col-0,mock,0.0,0.0,0.0,,0.0,0.0,
n_pixels_unknown,,417pvd,,0.0,,,,,
n_pixels_unknown,,417r,,0.0,,,,,
n_pixels_unknown,,mock,,0.0,,,,,
sum_fluorescence_unknown,DR5v2,417pvd,,,,,,,
sum_fluorescence_unknown,DR5v2,417r,,,,,,,
sum_fluorescence_unknown,DR5v2,mock,,,,,,,
sum_fluorescence_unknown,Col-0,417pvd,,,,,,,
sum_fluorescence_unknown,Col-0,417r,,,,,,,
sum_fluorescence_unknown,Col-0,mock,,,,,,,
sum_fluorescence_unknown,,417pvd,,,,,,,
sum_fluorescence_unknown,,417r,,,,,,,
sum_fluorescence_unknown,,mock,,,,,,,
